nick,B2C Brands
Hulk,"Apple, Axe, Old Spice, Patanjali, Vicco, Puma, PVR, Northface, Royal Enfield, ID"
Sheldon,"Samsung, Lenovo, Levis, Jockey, Puma, UCB, Nike, Kissan, Amul, Brookbond Red Label"
Ox,"Dove, Fiama Di Wills, Venky's, Amul, J&J, Baskin Robbins, Nescafe, Harpic, Scotch Brite, Lays"
Peter Parker,"OnePlus, Netflix, Cadbury, Sony, Starbucks, Nike, H&M, Lays, Coca Cola, Jio "
Phantom,"Lamy, Optimum Nutrition, Asus, Adidas, Nike, Bath and Body works, Body Shop, Decathlon, Jockey, Marks and Spencers, Amazon, Sony, Jabra, Honda, Kuvera, MFUtility"
Madara Uchiha,"Lenovo,LG,OnePlus,Coca Cola,Himalaya,Loreal,Calvin Klein,Adidas,Zara,Nike"
Scrooge,"Zara, H&M, Mango, Neutrogena, Cadbury, Maggi, Amul, Epigamia, Apple, OnePlus"
Bubbles,"Mango, H&M, Fossil, Bata, Maggie, Delmonte, Classmate, Himalaya, Colgate, Bambino"
Kendall Roy,"Nykaa, Pepsi, Raw Pressery, Mango, Mac, Massimo Dutti, Reebok, Daniel Wellington, Marks & Spencer"
MS,"Garnier PowerWhite,  Mysore soap, Maggi, Google Home, Coco-Cola, The Body Shop, Lays, Mcdonalds, Cars24, H&M"
Suppandi,"Fiama, Ola, OnePlus, Jockey, Casio, Nike, Dell, Microsoft, Sensodyne, Himalaya"
Argetlam,"Amazon, Mango, H&M, Nykaa, Kerala Ayurveda, 3M, BIC, Colgate, Puma, Decathlon, Cult "
Baburao,"HP, Samsung, Apple, Dove, Amway, Bisleri, Patanjali, Everest, Arrow, Jockey"
Ganesh Gaitonde,"Myntra, Parle G, Marie Gold, Zara, Uniball, Adidas, Nike, Sarovar, Apple, The Body Shop, HRX, Colgate, Odonil, Mamaearth, Swiggy, Instagram"
Pepper,"PayTm, Amazon, Zomato, BigBasket, OnePlus, Titan, Samsung, Dell, Zara, Lakme, Bombay Dyeing, Lanskart, Skybags"
po,"apple, P&G, PepsiCo, Red Bull, tupperware, Tommy Hilfiger, Nike, Clarks, Rolex, Bose"
Arjuna,"Amul, Dairy Milk, Wills, Head & Shoulders, Dettol, Levi's, Arrow, samsung, Maggi, Patanjali Ghee"
Eli,"OnePlus, AND, Global Desi, Dorothy Perkins, Westside, Goodmylk, Gooddot, Ikea, Miniso, park avenue, allen solly, camilin"
Phelps,"Zara, Mango, H&M, Marks and Spencers, Levi's, Clarks, Westside, FabIndia, Nike, Nykaa"
Rey,"Tanishq, Ikea, amazon, apple, uber, spotify, myntra, swiggy, tata salt, tata tea, pampers, cetaphil "
Tyrion,"Amazon, eBay, Netflix, Redbull, Nutella, Nike, Louis Vuitton, Adidas, Dove, Starbucks"
Tattler,Zara H&M Westside Apple Uniball Dunhill Cadbury Fossil Bata Listerine
APS,"Nike, Adidas, Puma, United Colors of Benetton, Nivea, Nestle, Cadbury, Dove, Titan, Redtape, Netflix, Google, Sensodyne"
Noddy,"Apple, Nike, Zara, Microsoft, Lacoste, Davidoff, Starbucks, pizza hut, Google, Forest essentials, The Body shop, Dettol, Classmate, Casio, Michael Kors, Tanishq, Titan Eye, Louis Philippe, Hero Honda, Toyota, PVR, Indigo"
sovereign42,"Coke,Nike,Netflix,YouTube,Google,Amazon,PayPal,Dove,Instagram,Spotify,Swiggy"
RB,"Sony,Apple,Hush Puppies,Amazon,Google,Zomato,Swiggy,Coca Cola,Fossil,Levi Strauss & Co."
Shelby,"Colgate, Oral B, Park Avenue, Tata Tea, Country Bean Coffee, Pizza Hut, Parle biscuits, Amul milk, Budweiser, Surf Excel"
jaquen ha'ghar,"Fab India, Body Shop, Khadi, Maybelline, HnM, Westside, Jockey, Nike, Matrix, Wills "
Jean Grey,"H&M, Cadbury, Nestle, Zara, Biotique, Nivea, Dell, Decathlon, Marks & Spencer, Ben & Jerrys"
Tweety,"Zara, H&M, The Body Shop, Myntra, Indigo Airlines, Nike, Levi Strauss & Co., Adidas, Biba, The Himalaya Drug Company"
Hachi,"Samsung, HP, JBL, Amazon, Netflix, Classic, Budweiser, Google, Airtel, Swiggy"
Jerry ,"nike, h&m, puma, people, jealous 21, home center, hilfiger, GAP, bata"
Jessica,"Surf excel, himalaya, l'oreal, baggit, Catwalk, Amul, Cadbury, Reebok, Samsung, Indigo, Airtel, Titan, Fortune"
Storm_Breaker,"HUL,ITC,Peppy Jeans, Denim, Priya, ID, Apple,Bajaj, Oneplus,Netflix, Amazon, Facebook, Tata, Suzuki"
Anups,"Colgate, Nestle, P&G, Zara, Mango, Epigamia, Amazon, Airbnb, Zomato, Swiggy, Unilever"
Bonbon,"L'Oréal, Maybelline, Dove, Nykaa, Nike, Southwest, Lifebuoy, Amul, Cadbury, Forever21"
Jack Reacher,"Coca Cola, Nescafe, Horlicks, Sunfeast, Kwality wall's, Nike, Starbucks, Apple, Maggi, Mcdonald's, Audi"
princess mia,"Mango, Zara, Adidas, Nike, Johnny Walker, classic, the gap, guess, Micheal kors, Maggi"
Venom,"Budweiser, Cadbury, IKEA, Mercedes, Levi's, Pepe Jeans, Nokia, Nike, CASIO, London Dairy"
Jerry,"Khadi Natural, Classmate, Dabur, Lakme, Zara, H&M, Yoga Bar, Tommy Hilfiger, UCB, Caprese"
Cactus,"Zara, Mango, Myntra, Miniso, Starbucks, Instagram, Netflix, Booking.com, Xiaomi,  Airtel"
EthanHunt,"Nike, Zara, Tommy Hilfiger, Jack & Jones, H&M, Adidas, Gap, One Plus, Fossil, Tissot"
Michael Scott,"nike, adidas, puma, oneplus, zara, underarmour, red bull, reebok, levis, apple"
PB,"Apple, Amazon, Google, Flipkart, PayTM, YouTube, Samsung, Nike, Adidas, Netflix"
Fool of a Took,"Amazon, Google, Apple, Toyota, Rockstar Games, Audio-technica, Nike, Under Armour, Steam, Disney"
Yoda,"Myntra, Amazon, Ajio, Nyka, Zara, croma, Apple, Oneplus, crocs, Flipkart"
Buttercup," Oneplus, Gap, Sony, Kazo, KIKO, BodyShop, Nestle, Britannia, Organic India, Hush Puppies"
Donna Paulson,"Mondelez, Hush Puppies, OnePlus, Baskin Robbins, Amul, Swiggy, Uber, Airbnb, Amazon, Google"
Bubbles,"Marks and Spencers, Van Heusen, Innisfree, Clinique, Dell, Tata, Zara, Surf Excel, Accessorize, Nike"
Darcy,"Clear, Neutrogena, Uniball, Maggi, Surf Excel, Dettol, Bata, Melange, Levi's, H&M"
Munna Tripathi,"Colgate, pantene, amul, baskin robbins, apple, tommy hilfiger, crocs, Bata, cadbury, tata"
Moana,"Nivea, Bath and Body works, Body Shop, Organic India, Vaseline, Lakme, High design, Cure Fit, Apple, Bose"
Bubbles,"VeroModa, Microsoft, Zara, Dominos, Lakme, Myntra, Pilot, OnePlus, Dell, Ola"
Legolas,"Nivea,philips,nestle,himalaya,biotique,gaia,dabur,park avenue,parker,xiomi"
Louis,"Nike, Adidas, Puma, Wrangler, Levis, Philips, Samsung, Wildcraft, Converse"
Gogo Yubari,"Netflix,Amazon,DMart,Pocket,Maruti Suzuki,Twinings,OnePlus,Tanishq,Domino's,Britannia"
Voldemort,"Apple,Google,Amazon,Uber,Nike,Microsoft,Spotify,Zara,Starbucks,Coca Cola"
Chandlerr,"Nike, Hush Puppies, Van heusen, Bose, Dell, Amul, Amazon, Budweiser, Intel, Netflix"
Fluffy,"samsung, onePlus, nescafe, amul, premier, classmate, ccd, baskin robins, McDonald's, Facebook"
Shrek,"Simon Carter, Jack and Jones, JBL, OnePlus, Nestle, Haldiram's, Philips, Gillette, Nivea, Ed Hardy"
Joker,"Creative, Android, Tupperware, Nike, Adidas, Amazon, American Tourister, Audi, Sony, Indigo"
Dumbledore,"Nike, Puma, Titan, Nestle, Cadbury, Crocs, Dettol, Amul, Kwality Walls, Lays"
Zeus,"Google, Sony, JBL, Bose, DTDC, Amul, Coca cola, Britannia, Parle, ITC"
Mr. Spock,"Tesla, Google, Thinkpad, Decathlon, Oneplus, LG, Asus, Garmin, Toyota, Microsoft"
Joker,"Amazon, Nykaa, Forest Essentials, Myntra, Lenskart, Swiggy, Tatacliq, Netflix, OYO, Zomato"
Hobbes,"People , Levi, Hamleys , Karin , Shein, Dressberry, Baggit, Sketchers"
Baburao,"Colgate, Nivea , Xiaomi , The Man Company , Park Avenue, Dabur, Nike , Superdry , Levis, Luxor, Dell"
SG,"Zara, MANGO, NIKE, Sketchers, MAC, Huda beauty, Microsoft, One Plus, JBL, Amazon"
Rick,"Amazon, Flipkart, Myntra, Phillips, Google, Big Basket, Phonepe, GPay, OnePlus, Microsoft"
Raymond Reddington,"Cheesecake Factory, Blaze Pizza, Tum Tum Asia, Carrefour, Quattro Ristorante, Yamaha, Amul, Al Marai, Ikea, Amazon, Airtel, Fashion Big Bazaar, Rose & Crown, Lucky Voice, Mall of the Emirates (Majid Al Futtaim), Casio, Emirates Airlines"
Venom,"Nike, Mercedes, Nokia, Cadbury, Levi's, Pepe Jeans, Ab InBev, Fossil, Samsung, Ray Ban"
Mojo,"Apple, Westside, Van Huesen, Amazon Prime, Netflix, CureFit, Paytm, Uber, Whatsapp, Google Photos, Spotify, Evernote"
Batman ,"NIKE, United Colors of Benetton, Adidas, OnePlus, Dell, JBL, Levis, USPA, Tommy Hilfiger, ARROW, Peter England "
kokilaben,"zara, march tee, apple, nike, bombay shirts company, decathlon , lapis bard , amul, sula "
Donna,"Forever 21, H&M, Apple, Code, AND, Only, Skechers, Himalaya, Maybelline, Lakme"
Batman,"Nescafe,Colgate,Tupperware,Coke, Lays, Apple, Marks and Spencers, Netflix, Honda, JBL  "
Joker,"Swiggy, Amazon, OnePlus, Apple, Spotify, Tesla, Hyundai, Cadbury, Zudio, Boat, Notion, ISB"
Pikachu,"PUMA, ROADSTER, QUAKER OATS, H&M, PEARS, VASELINE, ONE PLUS, LIPTON GREEN TEA, COLGATE, DRESSBERRY"
Maximus,"DMart, Nike, Oneplus, asian paints, ParleG, ikea, GoPro, Tesla, MRF, Colgate"
gojira,"Apple, Google, Samsung, Nvidia, Sony, Hyundai, Volkswagen, Jeep, Adidas, Bose"
Katniss,"Body Shop, Nescafe, One plus, Giordano, Lakme, Faballey, Coke, Surf Excel, Boat, HP"
Donna,"Nestle, Cadbury, HUL, Honda, Amazon, Myntra, Maruti Suzuki, Classmate by ITC, Haldirams, Amul"
Chandler,"H&M , Zara, MAC, Apple, Lenovo, Johnson & Johnson, Adidas, Nike, Coke, Fossil"
Joey ,"Zara, HnM, MAC, Apple, Dell, Johnson & Johnson, Nike, Adidas, Lays, Michael Kors "
Monica,"Lakme, Bausch&Lomb, Dove, Colgate, Hewlett-Packard, Pond's, Reynolds, Levis, Hush Puppies, Puma, Decathlon, mamaearth, Fabindia, Indigo"
Batman,"Nike, Adidas, Maruti Suzuki, Mercedes, BMW, Jockey, Apple, Lenovo, Tata, Samsung"
Veronica,"Zara, H&M, La Senza, Bershka, Tory Burch, Top Shop, Apple, Aldo, Palmolive, Whisper"
Ptolemy,"Sugar, L'oreal, H&M, Zara, Max, Dove, Pears, Ola, Uber, BigBasket"
Bumblebee,"One Plus, Samsung, USPA, Puma, Levis, Amul, Cadbury, Nestle, HP, Spotify"
Don Draper,"Polo, Aldo, Zara, Nivea, Gillette, Raymond, Toyota, Speedo, Raymond Weil, Amul, Delsey"
Pikachu,"Flying Machine, Levis, Lee, Nike, Puma, Adidas, Reebok, Wrangler, Spykar, Titan"
Tom,"Police, Nestle, Nivea, Puma, Crocs, Lenovo, Lenskart, Van Heusen, JBL, Swiggy, SPI Cinemas, Jaguar, Netflix"
Bruce Wayne,"Apple, Indian Terrain, Louis Philippe, Dove, Himalayas, Adidas, Puma, Casio G-shock, Bose, Volvo"
Master GoGo,"Nestle, Nike, U.S. Polo Assn., Converse, Uniqlo, Zara, Levis, Louis Philippe, McDonald's, Coke"
Thor,"HUL, ITC, Google, Samsung, Apple, Loreal, Lakme, Zara, Spotify, Amazon, Flipkart"
Pablo Escobar,"The body Shop, Samsung, Sula, Colgate, Nestle, Cadbury, Apple, Coca cola, Loreal, ITC"
Heisenberg,"Flipkart, Zomato, Swiggy, Amazon, HUL, P&G, LO'Real, Nestle, The Body Shop, Apple"
Blossom,"H&M, Apple, HP, Myntra, Ajio, Marks & Spencer, Zara, Himalaya, Biotique, Bodyshop"
Midge Maisel,"Loreal,Body Shop,Colgate,Neutrogena,Nivea,Nescafe,Maggi,Amul,Harvest Gold,Brittania, Frito Lays"
Sansa,"H&M, Zara, Nescafe, Amul, Apple, Netflix, Myntra, Nivea, Johnsons, Kelloggs "
Dexter,"Nivea, spykar, pilot, Gilette, hp, jockey, under armour, airtel, act"
Obelix,"Yulu, Cure.Fit, Cinthol, Wrangler, Zomato, Revv, Body Shop, "
Aragorn_son_of_Arathorn_Heir_of_Isildur,"H&M, Apple, Jack&Jones, New Balance, Nike, Fender, Starbucks, Budweiser, Jet Airways, Manchester United"
lily,"U.S. Polo Assn, Adidas, Puma, Nike, Levis, OnePlus, Sony, Peter England, Beardo, Colgate"
Archer,"Nike, Adidas, Levis, Calvin Klein, Gap, Apple, Louis Phillipe, Wrangler, Body Shop, H&M"
Diana,"Lakme, L'oreal, Tata, Maruti, ITC, Nestle, Cadbury, Amazon, Amul, Adidas"
Groot,"Nike, Vero Moda, Zara, Van Heusen, Biba, Fabindia, Cadbury, Nestle, Ikea, Chumbak"
Slash,"H&M, Primark, Adidas, Dominos, Tresemme, Lakme, Amazon Prime Video, Instagram, Myntra, Zoom"
Professor_X,"Uber, Ola, Myntra, Amazon, Practo, Swiggy, Zomato, OYO, MakeMyTrip, Goibibo"
Dark Knight,"Quaker, Patanjali, Dove, HRX, Nike, Van Heusen, KFC, Dominos, Starbucks, Vistara"
LBee,"Only, Vero Moda, Code, One Plus, Volkswagen, Maybelline, MAC,  IKEA, Hidesign, Inc 5"
Peter Griffin,"Apple, Spotify, Netflix, Amazon, PlayStation, Bose, Nike, Calvin Klein, Fender, Adidas"
Naruto,"amazon, myntra, nykaa, hotstar, uber, swiggy, ola, zomato, netflix, amazon prime, dunzo"
Celine,"Maybelline, H&M, Vero Moda, Mast & Harbour, Dressberry, Mango, OnePlus, Forever New, Burberry"
Pickle Rick,"Van Heusen, Jockey, Allen Solly, Zara, H&M, Nike, Adidas, Marks & Spencer, Plum, Karachi Bakery"
Tony,"Miniso, tresmode, ginger, H&M, Philips, Body craft, Starbucks, Forever New, Mango, Maybelline"
Dante,"Apple, Gant, Lacoste, Bodyshop, Jockey, Raw Pressery, Hidesign, Maggi, Goldflake, Amul"
Saitama,"Apple, Amazon, Make-my-trip, YouTube, Netflix, Big Basket, Swiggy, Tomato, Hulu, Myntra"
Heisenberg,"Zara, Louis Phillpe, Ferns & Petals, Swiggy, Karim's, Shoppers Stop, ChaiPoint, Puma, Netflix, Indian Terrain"
Luna Lovegood,"Zara, H&M, Huda Beauty, Elie Saab, Dior, Headspace, GAP, Mango, Yonex, Duolingo, St. Botanica, Ordinary"
Vito_Corleone,"Dettol, Parachute, Durex, Uniball, Boroline, Medimix, Amul, Vicco, Tata salt, Swanand organic, Toyota"
momo,"Veromoda, Ginger, Forever 21, ONLY, Marks & Spencer, Zara , H&M, Westside, Global Desi, W"
Morty,"Apple, Zara, H&M, Adidas, Amazon, Levi's, Ikea, Instagram, YouTube, Netflix, Disney+ "
Snowball,Westside Allen Solly Lavie Maybelline Lotus Professionals Google Aquaguard Amul Pond's Epigamia
Katniss,"W,anouk,prestige,fossil,titan,levis,lee,LG,lakme,oneplus"
Dr House,"Netflix, Prime, iTunes, Nikon, Uber, Zomato, Swiggy, BigBasket, Rolex, Decathlon"
Yatin ,"Netflix, Amazon, Apple , Hotstar , Nike , Coke , Van heusen , Adidas , Airtel, Philips "
Enola,"OnePlus, Fastrack, Paytm, Amazon, Nykaa, Instagram, Lenskart, Ferns and Petals, Swiggy, Zomato, Uber"
Sheldon99,"Xiaomi, Wagh Bakri, SBI, TATA, LIC, Google, Karachi Bakery, Indigo, Microsoft, Adobe"
Krims,"Apple, Google, Tesla, Nike, Louis Vuitton, Unilever, Sony, Amazon, Starbucks, Marriott"
Mr. White,"Apple, Samsung, Nike, Adidas, Rey-Ban, One Plus, Sony, Decathlon, Amazon, Mcdonalds"
Steven Gerrard,"Amazon, Apple, Sony, Swiggy, Google, Addidas, Nike, Dominos, Licious, Microsoft, Spotify"
Harvey,"Zara, Jack and Jones, Oneplus, HP, Parker, Nike, Supra, Nestle, snapchat, spotify"
MBB Shortlist,"Apple, Oreo, Van Heusen, Louis Phillipe, Allen Solley, Marks & Spensers, Jhonny Walker, Nestle, Lays, Bira"
Ravenclaw,"Swiggy, Zomato, Ajio, Nykaa, BigBasket, Myntra, Zara, Amazon, Tata Cliq, Uber"
Bojack,"Netflix, Nike, Sony, Big Basket, Cred, Amazon, Flipkart, Disney, Google, Apple"
Mr. Wick,"Apple, Amul, Woodland, Nestle, Samsung, Nike, Marshall, Mother Dairy, Marlboro, Kingfisher"
Bubbles,"Baby lips, Cover Story, Van Heusen, L'Oreal, Revlon, Guess, Forever 21, Jealous 21, AND, Vaseline,    "
Gogo,"Zivame, Myntra, Uber, Nykaa, Amazon, OnePlus, Apple, Nike, Philips, Cultfit, Espirit, H&M, Zara, Lenovo, Swiggy, zomato, Cadbury, Inshorts, Emirates"
Kyo,"Nike, Puma, Levis, Apple, GoPro, Colgate, McD, California Burrito, Netflix, Magnum (Unilever)"
SS,"Apple, Ikea, Google, Maybelline, Kama Ayurveda, Nivea, Lakme, Sony, Burts's Bees, Licious"
Flash,"Nutella, UCB, Adidas, Johnie Walker, Versace, Domino's, Gilette, Park Avenue, Epigamia, Garnier"
Batman,"Nike, Fossil, Zoomcar, Apple, JBL, Curefit, Swiggy, Officeride, Box8, LinkedIn"
John Wick,"Ola, Uber, Big Basket, Myntra, Flipkart, Grofers, Swiggy, Zomato, Amazon and bookmyshow"
Nick,"Dell, OnePlus, Apple, Coca-cola, Google, Myntra, Amazon, Spotify, Bombay Sapphire Gin, Tommy Hilfiger, Disney"
Kite,"Apple, Nike, AND, Google, Starbucks, Dove, Nestle Maggi, Cetaphil (Glenmark), Frooti, Thumbs Up"
Pingu,"Amazon, Myntra, Google pay, Zomato, Swiggy, Lifestyle, Amul, Instagram, Chrome, Finshots, linkedIn"
Captain Marvel,"one plus, Tata Tea, vero moda, nike, nestle, adidas, body shop, mac, cadbury, star bucks, American express, sula, van huesen , nykaa"
Scrooge,"Nike, Adidas, Puma, Casio, Samsung, Apple, Swiggy, Zomato, HP, Coke, Pepsi"
Emily,"Amazon, Apple, Facebook, Instagram, Myntra, Uber,  H&M, Zara,LVMH,  Bose"
Nuance,"old monk,bira,kingfisher,swiggy,adidas,souled store,levis,jockey,oneplus,sony,google,classic,"
Ammu,"Myntra, Flipkart, Amazon,Samsung,H&M,Cure.fit,Swiggy,Makemytrip,Kellogg's,Uber"
Sirius,"Zara, H&M, Nescafe, Sugar, Plum, Raw, Coca Cola, Apple, Twitter, Adidas"
Gordon,"Zara, H&M, Marks & Spenser, Kellogg's, Raw, Coca-cola, KamaAyurveda, Starbucks, Amazon, Nike"
Augustus,"Uber, Amazon, Mac, Apple, Zara, Mango, MakemyTrip, Starbucks, Nike, Tommy Hilfiger, Corona beer"
Calvin,"Apple, Lacoste, Raymonds, Shoppers Stop, Bata, Jockey, Adidas, Starbucks, Ratnadeep, H&M"
Ace,"Amazon, Myntra, Nykaa, Ola, Uber, HUL, P&G, H&M, Safe Express, Zomato"
Shinchan,"Netflix, Amazon, Google, Samsung, HP, JBL, Jack Daniels, Budweiser, VI, Swiggy"
Amy Dunne,"Swiggy, Body Shop, McDonalds, Nykaa, Big basket, Wikipedia, Starbucks, Google, AirBNB, Netflix, Myntra"
Gandaldore,"jockey, lg, mac cosmetics, one plus, apple, johnson & johnson, allen solly, levis, hawkins, godrej"
Athena,"Starbucks, Bath and Body works, Zara, H&M, Marks and Spencer, Nestle, Nike, Loreal, Uber, Samsung"
Monica,"Nike, Biba, Boss, Maggi, Too Yumm, Myntra, Uber, Rapido, Swiggy"
Lisbeth,"Bewakoof, Souled Store, Durex, Nike, Lifestyle, Parle, Raw, Volkswagen,Ikea,Body Shop"
Piku,"plum, camlin, lenskart,  taj mahal, classmate, allen solly, apple, zomato, mini so, mamaearth"
Shiro,"Tata, Apple, Amazon, BigBasket, Netflix, Facebook, Khadi, Jockey, Nike, Airtel, LinkedIn, Star, Uber, Otis, Eureka Forbes, IFB, Skechers, Nivea"
Shikaari Shambhu,"Apple, Nike, Dabur, Zomato, Levis, Royal Enfield, Jack & Jones, Bose, Jack Daniels, Organic India"
Rumi,"Amazon, Amul, OnePlus, Apple, Cadbury, Bose, Pepsi, Camlin, CocaCola, Levi"
Daniels,"Dairy Milk, Uber, Amazon.com, Netflix.com, Starbucks, Paytm, Basmati, Oyo, Swiggy, BigBasket "
Shaktiman,"Coca cola, gnc, starbucks, nike, puma, gucci, pizza hut, kfc, mcd, grey goose"
Agnes,"Maggi, Nescafe, Lakme, Amul, Loreal, Google, Amazon, Myntra, Allen Solly, Haldiram's "
Thanos,"Amazon, Uber, OnePlus, Nike, Google, LinkedIn, Netflix, HDFC Bank, "
Ava,1) Maybelline 2) Oceedee 3) H&M 4) Nestle 5) Nykaa 6) Saffola 7) Marks and Spencers 8) Decathlon 9) Ikea 10) Amazon 
Naruto,"Flipkart, Amazon, Tata, Godrej, HUL, D-Mart, Jio, Airtel, PhonePe,Hero"
Shushree,"Apple, Budweiser, JBL, AND, Global Desi, Biotique, Loreal, Soulflower, Nike, Cure.fit"
Thor,"OnePlus, Domino's, Netflix, Coca Cola, Maggi, KFC, Nivea, New Balance, Bath & Body Works, Levi's"
Sim,"LoveBeautyPlanet,Nykaa,Epigamia,Snackibles,Lays,Maggi,Body Shop,Forest Essentials,BigBasket, "
Rocket,"Philips, Coke, Sparks, Dettol, Happydent White, Dabur, Parachute, Sandisk, Mi, JBL"
Pikachu,"Nestle, Amazon, Microsoft, Tesla, HUL, Britannia, Amul, Puma, USPA, Adidas"
Sherlock,"Apple, Jockey, Yonex, Adidas, TATA Salt , Lays , Pepsi , Coke , Amul , Colgate , "
Butcher,"Apple, Fujifilm, US Polo, Zara, H&M, Adidas, Bose, Redbull, Kingfisher, Dunhil "
vr46,"Nvidia, AMD, Nike, Samsung, Uber, LG, Aston Martin, Shure, Audiotechnica, Herman Miller"
black,"Netflix, Swiggy, H&M, Miniso, Myntra, The Body Shop, Cadbury, Canva, Airbnb, Uber, Starbucks, Magnum"
Vincent Vega,"Zara, H&M, Uniqlo, BodyShop, Oneplus, Rayban, UCB, Adidas, Nike, Amul"
Creed,"Apple, Marks & Spencers, HUL, Nike, Bose, Bugatti, Patek Philippe, Zomato, Amazon, Samsung"
Amy Santiago,"Lifestyle, Nykaa, Lakme, Loreal, Nokia, Apple, MamaEarth, Nivea, Skybag, Nike"
Santiago,"Apple,Nestle,Dettol,H&M,BMW,AUDI,UNIQLO,Gucci,Tesla,Tod's"
spider man,"reebok, jockey, levis, peter england, arrow, michael kores, UCB, milton, louis phillipe, Nestle"
Mulan,"Apple, Zara, Uniball, Netflix, Miniso, Nestle, Birkenstock,Cosco, Rayban, London Dairy"
Scout,"Zara, H&M, Mac, Body shop, one plus, Apple, Ray-ban, Charles & Keith, Adidas, Nike, Uniqlo"
dragomir,"Colgate, Apple, Samsung, Nestle, Cadbury, Coca Cola, OnePlus, Wilcraft, Loreal, Kama Ayurveda"
Eisenheim,"HUL, Adidas, Nike, ITC, Dr. Reddy's Laboratories, Britannia, Amul, Hyundai, Honda, Raymonds"
Janet,"Apple, Innisfree, Sony, Estee Lauder, Asics, Plum, Nestle, Hendricks, Samsonite, Coke, Bira, Sennheiser"
Moonface,"Bigbasket, Amazon, Uber, Apple, Google, Airtel, Swiggy, Oneplus, McDonalds, Zomato "
Popeye ,"Calvin Klein, Apple, Nike , dell, adidas, forest essentials, nivia , Kellogg’s , Jack Daniels."
Wonder Woman,"Nike, Zara, Van Heusen, Chumbak, Sketchers, Apple, Bose, Nykaa, Amazon, Flipkart"
Eowyn,"Nykaa, Myntra, Amazon, Apple, Netflix, Instagram, Starbucks, Whatsapp, Google, Dell"
Shiro,"Netflix, Apple, Colgate, Oreo, Disney, Samsung, Coca-Cola, Visa, Lays, Subway"
Sri,"Surf Excel, Nestle Maggi, Knorr Soup, Puma, Adidas, Levis, Colgate Total, One Plus, Old Monk, Cinthol"
Shah Ghouse,"The Hindu, Hero, Aavin, IndiGo, Peter England, Jockey, One Plus, Dove, Microsoft office, LinkedIn"
Gina,"Levi's, Amazon, PUMA, Body Shop, Bath and Body Works, IKEA, Home Centre, Marks and Spencers, Westside, Zomato"
Phoebe Buffay,"Netflix, Spotify, Nike, Swiggy, Nykaa, Amazon, BodyShop, OGX, Apple, H&M, Uber, Levis"
Balloo,"Amazon,Flipkart,Nykaa,Myntra,Zomato,Swiggy,Shopclues,uber,gojek,ola"
SHERLOCK,"Amazon, Paperboat, Coca Cola, Amul, ITC, HUL, Nivea, Hugo Boss, Nike, Linkedin, Haldiram"
Leia,"Hyundai, Amul,Samsung,Lenovo, Himalaya, DevaCurl, Hush Puppies, Swaroski, Cadbury, Mac"
John Wick,"Adidas, Puma, Arrow, Louis Philippe, Fossil, Budweiser, Apple, Dell, Daikin, Indigo"
Stan Lee,"Biotique, Cadbury, Surf Excel, Kellogg's, Nestlé, Jockey, Amazon, Swiggy, Indigo, Bigbasket"
Scooby,"J&J, Bodyshop, Amazon, Google, Facebook, MamaEarth, Netfix, Hotstar, Prime Video, Lays"
Aragorn,"Samsung,Apple,Nike,Domino's,ESPN,Netflix,Disney,Hyundai,Amazon,Bigbasket"
Nagin,"Cadbury,Dove,Maggi,Tropicana,Dettol,Britannia,MTR, Dabur,Lays,Lakme"
Iron Man,"Being Human, US Polo, Zara, Coca-cola, Samsung, Apple, Cadburry, Dell, Mercedes, Honda"
Sheldon,"Apple, Samsung, OnePlus, Philips, Ikea, Decathalon, Uber, Amul, Airtel, Jio"
Rachel,"Zara, Classmate, Cello, Neutrogena, Listerine, Pears, Clinique, Continental, Amul, Samsung"
Noddy,"Vero Moda, Only, Crocs, Forest Essentials, Body Shop, Levis, Nike, Loreal, Catwalk, Rocia"
PK,"Myntra,Xiaomi,Amazon,Nykaa,Zomato,Swiggy,Byjus,Apple,Pixel,Chumbak"
flora,"Maybelline, Cadbury, Kellog's, one plus, levi's, adidas, allen solly, fix my curls, bath and body works, skechers"
Govinda,"old monk, Jack n jones, aeropostale, audi, adidas, ponds, colgate, oneplus, kinley, jaegermeister, chivas regal"
Lisa,"Natural care three roses, pears, zomato, 24 organic , Amul , Maggi , Myntra , Amazon , souled store, nua "
Shelby,"Colgate, Cinthol, Nivea, Jockey, Parle, Amul, JBL, Penguin books,Raymonds, Decathlon"
boredtodeath,"Allen Solly, Louis Phillipe, Blackberry, Levis Strauss, Samsung phones, Head and shoulders, Pears, Vasline, Gillette, Colgate"
Madonna,"H&M, Apple, Starbucks, Biotique, Pears, Cure Fit, Zara, Nike, Maggi, Britannia"
Jaanu,"Tresseme, Haldiram's, Surf Excel, Maggi, Hide and Seek, Amul, Sprite, Coca Cola, OnePlus, Lenovo, Epigamia"
kira,"Ray Ban, Reebok, Nike, Puma, Ola, Uber, Unacademy, Louis Philippe, Arrow, Flipkart"
Jerry," Apple, Amul, Instagram, zomato, Gaana, Dunzo, Puma, Uber, Coursera, Prada, Airbnb"
Sheldon,"H&M,Nykaa,Latt Liv, Apple, Samsung, Bath & Body works, Amazon, Bose, One Plus, Microsoft"
teja,"chumbak, zara, DW, Forever 21, Levis, Nike, Jockey, Nykaa, H&M, Souled store"
Red skull ,"Cadbury, jack and jones, Zara, bournvita, Amul, Benetton, munch, good day , apple , Bose , Adidas, Nike "
Penny,"KFC, Tanishq, McDonalds, Shoppers Stop, Amazon, Swiggy, Zomato, Labonel, Uber, Lifestyle"
Hermy,"Innisfree, forest essentials, Apple, Levi's,Betty crocker, marks and Spencers, Lakme, morrocanoil,organic India, tea trunk "
Chacha Chaudhary,"Pepsodent, Titan, Britannia, Lays, Pantene, Dove, Axe, Gilette, Kissan, Vaseline"
Grace,"Loreal, Lakme, Sugar Cosmetics, HUL, ITC, P&G, Honda, Maruti Suzuki, Hawkins, Cadbury"
Katniss,"Apple, Starbucks, Red Bull, Sketchers, Vaseline, Hidesign, Uni-ball, Nivea, Philips, Lakme"
Beth,"Quaker, Amul, H&M, Lifebuoy, Medimix, MAC Cosmetics, Tata Tea, Oral-B, Clean & Clear, Indigo Airlines"
bira91,"Uber, Airbnb, CRED, Amazon, Flipkart, Apple, Google, IKEA, Garmin, Decathlon"
Shelby,Google Levi's Microsoft Allan Solly Samsung Amul Decathlon Nike Adidas Maruti
Harry Potter,"Amazon, Zara, Apple, Netflix, Dominos, Nike, Coca-cola, H&M, McDonalds, Dove"
Quinn,"sony, samsung, hp, motorola, only, vero moda, zara, asos, lg"
Ashy_Drongo,"Apple, Adidas, Puma, Nike, New Balance, Brooks, Sony, Calvin Klein, P and G, Unilever "
Quinn,"Sony, Google, Only, Vero moda, Airtel, Sephora, Microsoft, ICICI, SBI"
Chandler,"zara, only, vero moda, marks & spencer, one plus, apple, caprese, dell, amazon, flipkart, big basket, myntra"
Phoebe,"B2C  Lg, Samsung, Lakme, Maggi, Philips, Chanel, Max, Havells, Titan, ITC"
Rick and Morty,"Nike, Google, Tesla, GetMyCouch, Xiaomi, Apple, Herman Miller, Sony,Raw Pressery, Asian Paints, "
